id,current_price,market_cap,price_change_percentage_24h,high_24h,low_24h,ath,atl,time_stamp
bitcoin,95184.0,1890170800352,0.06565,95444.0,93881.0,108786.0,67.81,30-04-2025__17h37m25s
ethereum,1815.26,219158027804,-0.78466,1831.74,1784.23,4878.26,0.432979,30-04-2025__17h37m25s
tether,1.0,148444662340,-0.01263,1.0,1.0,1.32,0.572521,30-04-2025__17h37m25s
ripple,2.24,130818283420,-2.23404,2.3,2.22,3.4,0.00268621,30-04-2025__17h37m25s
binancecoin,602.2,87843749440,-0.27359,604.21,598.92,788.84,0.0398177,30-04-2025__17h37m25s
solana,147.91,76566453915,-0.75266,149.89,145.4,293.31,0.500801,30-04-2025__17h37m25s
usd-coin,0.999886,61942718420,-0.01127,1.0,0.999877,1.17,0.877647,30-04-2025__17h37m25s
dogecoin,0.175881,26222404696,-1.78415,0.179943,0.173046,0.731578,8.69e-05,30-04-2025__17h37m25s
cardano,0.700013,25227395282,-1.97972,0.716007,0.690498,3.09,0.01925275,30-04-2025__17h37m25s
tron,0.245335,23290889590,-0.69744,0.247058,0.242862,0.431288,0.00180434,30-04-2025__17h37m25s
staked-ether,1814.26,16767841090,-0.69906,1830.71,1782.87,4829.57,482.9,30-04-2025__17h37m25s
wrapped-bitcoin,95125.0,12254650041,-0.00988,95337.0,93770.0,108368.0,3139.17,30-04-2025__17h37m25s
sui,3.53,11460033726,-0.84368,3.61,3.46,5.35,0.364846,30-04-2025__17h37m25s
chainlink,14.62,9612943142,-2.63292,15.03,14.49,52.7,0.148183,30-04-2025__17h37m25s
avalanche-2,21.64,9030281414,-2.12193,22.19,21.34,144.96,2.8,30-04-2025__17h37m25s
stellar,0.278651,8613441283,-0.39311,0.281969,0.27572,0.875563,0.00047612,30-04-2025__17h37m25s
leo-token,9.03,8344272080,0.6616,9.05,8.97,10.14,0.799859,30-04-2025__17h37m25s
the-open-network,3.25,8169996154,-0.13777,3.27,3.16,8.25,0.519364,30-04-2025__17h37m25s
shiba-inu,1.351e-05,7962880260,-1.27803,1.375e-05,1.33e-05,8.616e-05,5.6366e-11,30-04-2025__17h37m25s
hedera-hashgraph,0.18605,7865127609,-1.07961,0.190791,0.184422,0.569229,0.00986111,30-04-2025__17h37m25s
wrapped-steth,2178.15,7641567914,-0.85211,2198.83,2139.84,7256.02,558.54,30-04-2025__17h37m25s
usds,0.99983,7628691799,-0.01084,1.0,0.999496,1.057,0.948265,30-04-2025__17h37m25s
bitcoin-cash,368.44,7322501058,-1.39172,376.23,360.05,3785.82,76.93,30-04-2025__17h37m25s
litecoin,85.09,6452181593,-0.66322,87.09,84.65,410.26,1.15,30-04-2025__17h37m25s
polkadot,4.15,6330314366,-2.21158,4.28,4.09,54.98,2.7,30-04-2025__17h37m25s
hyperliquid,18.76,6262996757,-0.38538,19.04,18.19,34.96,3.81,30-04-2025__17h37m25s
binance-bridged-usdt-bnb-smart-chain,0.999727,5184998552,-0.10325,1.003,0.997587,1.05,0.942186,30-04-2025__17h37m25s
weth,1815.55,5166894580,-0.67934,1832.23,1785.19,4799.89,82.1,30-04-2025__17h37m25s
bitget-token,4.4,5145451015,-0.5853,4.43,4.36,8.45,0.0142795,30-04-2025__17h37m25s
monero,272.35,5019206928,1.04648,281.11,263.53,542.33,0.216177,30-04-2025__17h37m25s
ethena-usde,0.999574,4666333041,-0.02362,1.0,0.99898,1.032,0.929486,30-04-2025__17h37m25s
whitebit,29.11,4196014437,-0.37831,29.24,28.95,31.28,3.06,30-04-2025__17h37m25s
wrapped-eeth,1934.21,4065103019,-0.77718,1952.38,1902.04,4311.81,1505.24,30-04-2025__17h37m25s
pi-network,0.581489,4058356732,0.00357,0.591401,0.568549,2.99,0.406999,30-04-2025__17h37m25s
coinbase-wrapped-btc,95173.0,3879157111,0.06198,95476.0,93814.0,108953.0,57439.0,30-04-2025__17h37m25s
pepe,9.09e-06,3828704834,1.42775,9.13e-06,8.77e-06,2.803e-05,5.5142e-08,30-04-2025__17h37m25s
aptos,5.43,3365281736,-2.37298,5.6,5.36,19.92,3.08,30-04-2025__17h37m25s
dai,0.999883,3258810997,-0.01734,1.001,0.999431,1.22,0.88196,30-04-2025__17h37m25s
uniswap,5.38,3229259577,-1.20391,5.44,5.22,44.92,1.03,30-04-2025__17h37m25s
bittensor,366.02,3183161129,-3.85413,381.37,360.09,757.6,30.83,30-04-2025__17h37m25s
okb,51.57,3094465241,-0.61111,52.06,51.22,73.8,0.580608,30-04-2025__17h37m25s
near,2.52,3050027074,-1.96959,2.61,2.5,20.44,0.526762,30-04-2025__17h37m25s
susds,1.049,2976188583,-0.00227,1.05,1.049,1.088,0.961716,30-04-2025__17h37m25s
ondo-finance,0.929827,2939425062,-4.1868,0.971824,0.919647,2.14,0.082171,30-04-2025__17h37m25s
gatechain-token,21.83,2686000832,-1.30781,22.18,21.69,25.94,0.25754,30-04-2025__17h37m25s
internet-computer,4.93,2628037706,-2.42848,5.05,4.85,700.65,2.87,30-04-2025__17h37m25s
official-trump,13.08,2606110055,-5.18468,13.82,12.79,73.43,4.29,30-04-2025__17h37m25s
ethereum-classic,16.84,2555248396,-2.23092,17.22,16.63,167.09,0.615038,30-04-2025__17h37m25s
blackrock-usd-institutional-digital-liquidity-fund,1.0,2553295091,0.0,1.0,1.0,1.0,1.0,30-04-2025__17h37m25s
mantle,0.74686,2518191694,1.5863,0.753754,0.728584,1.54,0.307978,30-04-2025__17h37m25s
aave,165.03,2492159081,-1.92358,170.05,163.41,661.69,26.02,30-04-2025__17h37m25s
tokenize-xchange,31.1,2487899264,-0.27775,31.21,30.95,50.43,0.111255,30-04-2025__17h37m25s
crypto-com-chain,0.089692,2468096222,-2.85883,0.092331,0.089099,0.965407,0.0121196,30-04-2025__17h37m25s
kaspa,0.089676,2342140987,-5.54541,0.095044,0.086742,0.207411,0.00017105,30-04-2025__17h37m25s
vechain,0.02697128,2319836789,-2.37391,0.02786377,0.02653767,0.280991,0.00191713,30-04-2025__17h37m25s
render-token,4.48,2319330948,-0.59359,4.55,4.4,13.53,0.03665669,30-04-2025__17h37m25s
usd1-wlfi,0.999513,2126648811,-0.02639,1.003,0.997281,1.017,0.989703,30-04-2025__17h37m25s
polygon-ecosystem-token,0.242486,2105457147,0.85454,0.242538,0.23424,1.29,0.153392,30-04-2025__17h37m25s
ethena-staked-usde,1.17,2104750577,0.02494,1.18,1.17,1.29,1.012,30-04-2025__17h37m25s
cosmos,4.41,1974593264,-1.44056,4.5,4.34,44.45,1.16,30-04-2025__17h37m25s
algorand,0.228234,1960594092,-1.3922,0.2354,0.224222,3.56,0.087513,30-04-2025__17h37m25s
lombard-staked-btc,94967.0,1937328039,0.11388,95327.0,93499.0,114576.0,52119.0,30-04-2025__17h37m25s
fetch-ai,0.721715,1883196716,-0.35345,0.73028,0.690077,3.45,0.00816959,30-04-2025__17h37m25s
filecoin,2.79,1848198482,0.37407,2.81,2.71,236.84,2.14,30-04-2025__17h37m25s
fasttoken,4.29,1845798025,-0.0999,4.3,4.29,4.3,0.398142,30-04-2025__17h37m25s
ethena,0.320625,1779927277,-1.83649,0.329347,0.304956,1.52,0.195078,30-04-2025__17h37m25s
celestia,2.77,1708915439,-3.2534,2.87,2.7,20.85,2.08,30-04-2025__17h37m25s
sonic-3,0.512973,1628219727,-2.2179,0.526949,0.507006,1.029,0.359647,30-04-2025__17h37m25s
arbitrum,0.33448,1591155767,-0.9113,0.338836,0.325209,2.39,0.245747,30-04-2025__17h37m25s
bonk,1.97e-05,1525934621,-0.84277,2.069e-05,1.94e-05,5.825e-05,8.6142e-08,30-04-2025__17h37m25s
jupiter-perpetuals-liquidity-provider-token,4.11,1522153350,-0.33855,4.13,4.06,5.03,0.146839,30-04-2025__17h37m25s
first-digital-usd,0.998917,1474477609,0.00205,1.001,0.995194,1.15,0.940377,30-04-2025__17h37m25s
solv-btc,95090.0,1426615618,0.03823,95392.0,93576.0,108929.0,49058.0,30-04-2025__17h37m25s
worldcoin-wld,1.075,1423137486,-4.56569,1.13,1.07,11.74,0.583741,30-04-2025__17h37m25s
kucoin-shares,10.76,1346130994,0.98267,10.77,10.59,28.83,0.342863,30-04-2025__17h37m25s
jupiter-exchange-solana,0.460421,1306432235,-0.59878,0.474215,0.446796,2.0,0.306358,30-04-2025__17h37m25s
maker,1516.85,1266823853,-2.3624,1554.35,1497.9,6292.31,168.36,30-04-2025__17h37m25s
optimism,0.761495,1261828898,-3.01311,0.793926,0.746904,4.84,0.402159,30-04-2025__17h37m25s
blockstack,0.81884,1249436768,-1.9634,0.842239,0.79931,3.86,0.04559639,30-04-2025__17h37m25s
xdce-crowd-sale,0.079425,1246601783,-0.85965,0.080151,0.077809,0.192754,0.00039532,30-04-2025__17h37m25s
binance-staked-sol,155.06,1220233915,-0.76182,157.26,152.27,297.96,100.21,30-04-2025__17h37m25s
nexo,1.22,1218704907,-0.80666,1.23,1.2,4.07,0.04515276,30-04-2025__17h37m25s
fartcoin,1.16,1161045962,3.00961,1.16,1.092,2.48,0.02002855,30-04-2025__17h37m25s
flare-networks,0.01835194,1159552240,1.76414,0.0192058,0.01787054,0.150073,0.00827405,30-04-2025__17h37m25s
story-2,4.13,1113119373,0.17525,4.15,3.97,7.31,1.0,30-04-2025__17h37m25s
quant-network,75.65,1100720303,-0.7377,76.33,74.45,427.42,0.215773,30-04-2025__17h37m25s
binance-peg-weth,1813.65,1097643652,-0.86291,1832.82,1783.92,4098.26,1394.32,30-04-2025__17h37m25s
sei-network,0.211667,1081103509,-1.7906,0.215527,0.209033,1.14,0.095364,30-04-2025__17h37m25s
immutable-x,0.583559,1060106449,1.14417,0.585183,0.566176,9.52,0.353994,30-04-2025__17h37m25s
eos,0.690962,1048226779,0.2064,0.70527,0.677101,22.71,0.402746,30-04-2025__17h37m25s
kelp-dao-restaked-eth,1889.85,1034079520,-0.71993,1904.4,1858.77,4216.2,1459.69,30-04-2025__17h37m25s
usdt0,1.0,1024955015,0.00069,1.002,0.998164,1.052,0.975737,30-04-2025__17h37m25s
injective-protocol,9.71,951550964,-1.75168,9.96,9.47,52.62,0.657401,30-04-2025__17h37m25s
the-graph,0.098136,937233644,-1.48513,0.100224,0.096028,2.84,0.052051,30-04-2025__17h37m25s
curve-dao-token,0.672551,899495527,1.32272,0.674328,0.642675,15.37,0.180354,30-04-2025__17h37m25s
floki,9.237e-05,898528889,10.14838,9.377e-05,8.246e-05,0.00034495,8.428e-08,30-04-2025__17h37m25s
binance-bridged-usdc-bnb-smart-chain,0.999405,898471507,-0.0724,1.002,0.998135,1.031,0.942892,30-04-2025__17h37m25s
wbnb,601.95,884169929,-0.33555,604.27,598.91,789.32,23.6,30-04-2025__17h37m25s
paypal-usd,0.999689,879754207,-0.03187,1.0,0.999259,1.021,0.959426,30-04-2025__17h37m25s
virtual-protocol,1.32,854214872,-10.0273,1.49,1.28,5.07,0.00748604,30-04-2025__17h37m25s
rocket-pool-eth,2057.65,850439720,-0.83221,2076.47,2027.17,4814.31,887.26,30-04-2025__17h37m25s
raydium,2.85,827627713,-2.38739,2.97,2.79,16.83,0.134391,30-04-2025__17h37m25s
jasmycoin,0.01703129,825713674,2.49497,0.01724363,0.01620953,4.79,0.00275026,30-04-2025__17h37m25s
tether-gold,3283.83,809926936,-0.89663,3327.22,3281.71,3530.16,1447.84,30-04-2025__17h37m25s
polygon-bridged-usdt-polygon,1.0,791189108,-0.01926,1.001,1.0,1.027,0.945933,30-04-2025__17h37m25s
coredaoorg,0.79085,791080902,-0.9197,0.807444,0.787504,6.14,0.334237,30-04-2025__17h37m25s
iota,0.209225,783987162,-1.53681,0.213596,0.205189,5.25,0.081637,30-04-2025__17h37m25s
pax-gold,3285.31,779985067,-0.87124,3330.53,3283.04,3518.57,1399.64,30-04-2025__17h37m25s
theta-token,0.75721,758060127,-2.97118,0.78213,0.737454,15.72,0.04039979,30-04-2025__17h37m25s
arbitrum-bridged-wbtc-arbitrum-one,95070.0,757355059,-0.0572,95576.0,93793.0,108397.0,49594.0,30-04-2025__17h37m25s
gala,0.01706487,754738324,-0.93268,0.01736368,0.01654269,0.824837,0.00013475,30-04-2025__17h37m25s
bitcoin-cash-sv,37.96,754562742,-2.60743,39.63,37.8,489.75,21.43,30-04-2025__17h37m25s
lido-dao,0.839481,752798968,-1.88754,0.855632,0.81746,7.3,0.40615,30-04-2025__17h37m25s
jupiter-staked-sol,163.3,748852736,-0.78578,165.76,160.38,309.67,105.7,30-04-2025__17h37m25s
dexe,13.06,745734464,0.49633,13.61,12.92,32.38,0.671563,30-04-2025__17h37m25s
clbtc,95029.0,733764079,-0.41044,96124.0,92776.0,104078.0,51493.0,30-04-2025__17h37m25s
msol,190.55,728878574,-0.78645,193.21,187.13,363.77,8.93,30-04-2025__17h37m25s
the-sandbox,0.297883,728292240,-0.52152,0.303929,0.288319,8.4,0.02897764,30-04-2025__17h37m25s
helium,3.98,721449005,-2.72372,4.12,3.89,54.88,0.113248,30-04-2025__17h37m25s
walrus-2,0.564762,705833597,-5.60822,0.598317,0.554968,0.68517,0.360808,30-04-2025__17h37m25s
bittorrent,7.1065e-07,700734543,0.37019,7.13297e-07,7.02268e-07,3.43e-06,3.65368e-07,30-04-2025__17h37m25s
mantle-staked-ether,1930.5,686212416,-0.75235,1948.22,1896.01,4729.53,1485.62,30-04-2025__17h37m25s
kaia,0.115207,674716044,-3.19655,0.119946,0.114131,0.406698,0.090737,30-04-2025__17h37m25s
pudgy-penguins,0.01063595,666247780,-13.10805,0.01224043,0.01055936,0.068447,0.00371517,30-04-2025__17h37m25s
pancakeswap-token,2.07,656411703,0.53083,2.08,2.01,43.96,0.194441,30-04-2025__17h37m25s
usual-usd,0.997802,655596801,0.00405,0.998131,0.997498,1.33,0.962885,30-04-2025__17h37m25s
solayer,3.06,642605607,-2.52638,3.29,3.04,3.29,0.599884,30-04-2025__17h37m25s
flow,0.405537,640365268,-0.2206,0.414291,0.397505,42.4,0.303987,30-04-2025__17h37m25s
usdx-money-usdx,0.999695,626504647,0.02098,1.0,0.998075,1.057,0.944423,30-04-2025__17h37m25s
based-brett,0.0631,626430358,-3.35728,0.065594,0.058923,0.234204,0.00084753,30-04-2025__17h37m25s
movement,0.248432,621998037,0.12513,0.250157,0.235529,1.45,0.218077,30-04-2025__17h37m25s
dogwifcoin,0.609561,608930410,2.53152,0.617196,0.584446,4.83,0.00155464,30-04-2025__17h37m25s
chain-2,0.01825865,607182886,-1.97262,0.01896341,0.01801499,0.184139,0.0007055,30-04-2025__17h37m25s
ethereum-name-service,18.23,604322162,-3.46345,18.94,17.84,83.4,6.69,30-04-2025__17h37m25s
ondo-us-dollar-yield,1.1,593186248,-0.50009,1.12,1.092,1.26,0.934184,30-04-2025__17h37m25s
decentraland,0.317013,592087704,-0.49834,0.319739,0.306948,5.85,0.00923681,30-04-2025__17h37m25s
jito-governance-token,1.83,589480903,-1.57352,1.9,1.77,6.01,1.43,30-04-2025__17h37m25s
tezos,0.561861,584911868,0.67812,0.568729,0.549248,9.12,0.350476,30-04-2025__17h37m25s
renzo-restaked-eth,1899.53,584836724,-0.78183,1915.35,1867.0,4207.05,1454.43,30-04-2025__17h37m25s
zcash,36.03,580009941,-1.27634,36.53,33.99,3191.93,16.08,30-04-2025__17h37m25s
pyth-network,0.154235,559503814,-1.77029,0.157886,0.150138,1.2,0.10565,30-04-2025__17h37m25s
pendle,3.46,558883987,2.7314,3.45,3.28,7.5,0.03377729,30-04-2025__17h37m25s
spx6900,0.567699,526583870,-0.95902,0.580356,0.539049,1.72,0.00131808,30-04-2025__17h37m25s
reserve-rights-token,0.00901709,512115439,-4.4304,0.0094351,0.0089016,0.117424,0.00121354,30-04-2025__17h37m25s
beldex,0.071189,508567066,2.35248,0.071177,0.067458,0.450785,0.00027519,30-04-2025__17h37m25s
aerodrome-finance,0.618486,499555768,-1.38874,0.631906,0.603296,2.32,1.861e-05,30-04-2025__17h37m25s
dydx-chain,0.651087,498265002,-1.09118,0.663322,0.633011,4.52,0.495631,30-04-2025__17h37m25s
solv-protocol-solvbtc-bbn,94745.0,495144534,0.04732,95675.0,93225.0,117077.0,11402.13,30-04-2025__17h37m25s
true-usd,0.998451,494964114,-0.07775,1.001,0.997309,1.62,0.88355,30-04-2025__17h37m25s
aioz-network,0.419237,493031221,-0.99991,0.436929,0.405987,2.65,0.01099588,30-04-2025__17h37m25s
elrond-erd-2,17.41,490360005,1.20892,17.51,16.64,545.64,6.51,30-04-2025__17h37m25s
telcoin,0.00530281,488621862,-0.82723,0.00538402,0.00520447,0.064483,6.474e-05,30-04-2025__17h37m25s
ubtc,95658.0,487703341,-0.46744,97391.0,94597.0,97391.0,74362.0,30-04-2025__17h37m25s
deep,0.194056,485971679,-6.9674,0.213463,0.192315,0.341085,0.01073218,30-04-2025__17h37m25s
bitcoin-avalanche-bridged-btc-b,95391.0,485120877,0.31724,95360.0,93731.0,108820.0,7806.11,30-04-2025__17h37m25s
thorchain,1.37,482457664,-0.3504,1.39,1.34,20.87,0.00851264,30-04-2025__17h37m25s
stakewise-v3-oseth,1897.0,480234460,-0.84684,1915.2,1863.47,4228.59,1459.73,30-04-2025__17h37m25s
mantra-dao,0.49924,477531919,-4.96736,0.537707,0.480948,8.99,0.01726188,30-04-2025__17h37m25s
kava,0.440599,477497199,-1.03357,0.449294,0.433228,9.12,0.247359,30-04-2025__17h37m25s
sonic-bridged-usdc-e-sonic,0.99988,475343260,-0.01164,1.003,0.996099,1.046,0.949963,30-04-2025__17h37m25s
bridged-usdc-polygon-pos-bridge,0.999879,470136616,-0.01202,1.0,0.999841,1.028,0.975633,30-04-2025__17h37m25s
pumpbtc,90650.0,461371527,-1.27727,92525.0,77634.0,107240.0,48890.0,30-04-2025__17h37m25s
binance-peg-dogecoin,0.175671,450649428,-1.78832,0.179696,0.1731,0.480585,0.04955727,30-04-2025__17h37m25s
arweave,6.79,443884300,-3.17624,7.1,6.65,89.24,0.298788,30-04-2025__17h37m25s
ecash,2.234e-05,443508108,0.21305,2.249e-05,2.192e-05,0.00038001,1.604e-05,30-04-2025__17h37m25s
grass,1.59,438455003,-2.38962,1.65,1.56,3.89,0.654959,30-04-2025__17h37m25s
neo,6.19,436116117,-0.04047,6.29,6.06,198.38,0.078349,30-04-2025__17h37m25s
apecoin,0.543437,434466957,-0.16378,0.545856,0.520545,26.7,0.354833,30-04-2025__17h37m25s
tbtc,95011.0,434028806,-0.09643,95215.0,93435.0,108501.0,10104.3,30-04-2025__17h37m25s
starknet,0.147825,428560879,-2.00576,0.152069,0.143678,4.41,0.11,30-04-2025__17h37m25s
l2-standard-bridged-weth-base,1814.72,423378629,-0.85661,1831.3,1783.03,4096.05,1394.17,30-04-2025__17h37m25s
ousg,110.87,420593511,0.01097,110.87,110.86,110.87,95.09,30-04-2025__17h37m25s
matic-network,0.242462,418626489,0.97678,0.24249,0.233973,2.92,0.00314376,30-04-2025__17h37m25s
conflux-token,0.080873,415161277,2.00731,0.085313,0.078465,1.7,0.02199898,30-04-2025__17h37m25s
apenft,4.17268e-07,413050033,-1.11789,4.23207e-07,4.16266e-07,7.53e-06,2.98737e-07,30-04-2025__17h37m25s
axie-infinity,2.55,410077665,0.09584,2.59,2.47,164.9,0.123718,30-04-2025__17h37m25s
hashnote-usyc,1.085,407592344,-0.00991,1.085,1.085,1.12,1.026,30-04-2025__17h37m25s
usdb,1.002,406583801,0.14113,1.004,0.998286,1.088,0.882623,30-04-2025__17h37m25s
wormhole,0.08861,403043653,-0.45256,0.089868,0.085412,1.66,0.065244,30-04-2025__17h37m25s
chiliz,0.04187701,400846802,-0.14474,0.04209084,0.04045318,0.878633,0.00410887,30-04-2025__17h37m25s
berachain-bera,3.63,396647895,-5.0572,3.83,3.6,14.83,3.23,30-04-2025__17h37m25s
super-oeth,1815.04,392579643,-0.8461,1831.45,1783.12,4099.87,1312.97,30-04-2025__17h37m25s
mantle-restaked-eth,1931.37,388326340,-0.88775,1948.67,1897.34,4298.87,1480.7,30-04-2025__17h37m25s
beam-2,0.00740063,386811825,3.58897,0.00738588,0.00698213,0.04416304,0.0043383,30-04-2025__17h37m25s
plume,0.192339,384101600,12.68265,0.192516,0.168767,0.247537,0.084391,30-04-2025__17h37m25s
compound-governance-token,41.86,374121472,-0.23464,42.25,40.61,910.54,25.74,30-04-2025__17h37m25s
akash-network,1.53,371920010,14.75198,1.55,1.28,8.07,0.164994,30-04-2025__17h37m25s
popcat,0.380141,370923782,2.50299,0.383863,0.353833,2.05,0.00379728,30-04-2025__17h37m25s
just,0.03740333,370084554,-3.73387,0.03885409,0.03674838,0.193254,0.00476275,30-04-2025__17h37m25s
axelar,0.393293,369582943,7.18256,0.410281,0.36434,2.64,0.274681,30-04-2025__17h37m25s
arbitrum-bridged-weth-arbitrum-one,1815.47,369378272,-0.80584,1832.23,1782.1,4097.16,1395.31,30-04-2025__17h37m25s
olympus,21.6,354319793,-0.56818,21.77,21.47,1415.26,7.54,30-04-2025__17h37m25s
amp-token,0.00420324,354254191,3.30597,0.00423794,0.00404873,0.120813,0.00140933,30-04-2025__17h37m25s
ronin,0.558965,352910927,-0.51543,0.566772,0.547343,4.45,0.196601,30-04-2025__17h37m25s
ether-fi-staked-eth,1813.52,350412166,-0.54053,1828.33,1783.96,5307.23,1394.71,30-04-2025__17h37m25s
mantle-bridged-usdt-mantle,0.997736,349993515,-0.25471,1.005,0.995603,1.26,0.869914,30-04-2025__17h37m25s
saros-finance,0.132288,347364903,0.98473,0.132366,0.129648,0.167611,0.00101093,30-04-2025__17h37m25s
mimblewimblecoin,31.62,347085780,6.19638,31.94,29.56,38.81,0.298733,30-04-2025__17h37m25s
sun-token,0.01762523,339226798,-1.36941,0.0178705,0.01751024,66.45,0.00462303,30-04-2025__17h37m25s
trust-wallet-token,0.805394,335600557,-1.15536,0.815503,0.792804,2.72,0.00277641,30-04-2025__17h37m25s
terra-luna,6.126e-05,333427367,-0.53723,6.212e-05,6.017e-05,119.18,9.99967e-07,30-04-2025__17h37m25s
usdd,1.0,326512972,-0.01865,1.001,0.999612,1.052,0.928067,30-04-2025__17h37m25s
cgeth-hashkey-cloud,1821.99,324762158,-2.54462,1870.09,1821.93,3129.19,1430.7,30-04-2025__17h37m25s
turbo,0.00469172,323989586,-3.04485,0.00484359,0.00461504,0.01431669,6.518e-05,30-04-2025__17h37m25s
binance-peg-busd,0.998501,323786240,-0.06521,1.004,0.995771,1.064,0.954278,30-04-2025__17h37m25s
creditcoin-2,0.711948,319994894,-1.10023,0.736598,0.705884,8.67,0.128298,30-04-2025__17h37m25s
frax,0.999878,319803136,-0.0112,1.0,0.99756,1.14,0.874536,30-04-2025__17h37m25s
layerzero,2.87,318575560,-2.59492,3.0,2.81,7.47,1.51,30-04-2025__17h37m25s
ripple-usd,0.999487,316997791,-0.07044,1.003,0.998612,1.073,0.962292,30-04-2025__17h37m25s
superfarm,0.697717,315093762,-4.3694,0.732604,0.678956,4.74,0.070397,30-04-2025__17h37m25s
wemix-token,0.731182,306979325,0.30731,0.763247,0.725008,24.71,0.128398,30-04-2025__17h37m25s
polygon-bridged-wbtc-polygon-pos,95078.0,306772674,0.00992,95371.0,93810.0,108124.0,49937.0,30-04-2025__17h37m25s
ai16z,0.28057,305735659,-7.05549,0.313302,0.267807,2.47,0.010189,30-04-2025__17h37m25s
safe,0.522657,302949215,-14.40269,0.619902,0.51999,3.56,0.356678,30-04-2025__17h37m25s
mina-protocol,0.242329,297583591,-0.04192,0.245936,0.236117,9.09,0.18424,30-04-2025__17h37m25s
cheems-token,1.45e-06,294798297,3.90375,1.45e-06,1.37e-06,2.16e-06,5.725e-09,30-04-2025__17h37m25s
gnosis,113.37,293503406,-0.17452,114.54,112.63,644.2,6.88,30-04-2025__17h37m25s
infrared-bera,3.64,293384445,-4.9229,3.83,3.62,8.98,3.14,30-04-2025__17h37m25s
dash,23.88,292834042,1.61995,24.35,22.88,1493.59,0.213899,30-04-2025__17h37m25s
stakestone-berachain-vault-token,1802.96,290651225,-0.87117,1822.84,1772.51,3453.2,1373.59,30-04-2025__17h37m25s
venom,0.139638,289346717,-0.33481,0.140806,0.138212,0.782403,0.03459851,30-04-2025__17h37m25s
1inch,0.207725,287901275,0.34982,0.20937,0.203927,8.65,0.149574,30-04-2025__17h37m25s
morpho,1.21,287791071,0.43053,1.27,1.19,4.17,0.713151,30-04-2025__17h37m25s
resolv-usr,0.99984,282476911,0.03435,0.999979,0.999248,1.022,0.959194,30-04-2025__17h37m25s
wrapped-hype,18.75,281638026,-0.55848,19.11,18.21,25.53,9.43,30-04-2025__17h37m25s
honey-3,0.999337,280922758,-0.08014,1.0,0.997485,1.11,0.916153,30-04-2025__17h37m25s
ether-fi-staked-btc,95182.0,277757724,0.43036,95349.0,93373.0,109069.0,58795.0,30-04-2025__17h37m25s
notcoin,0.0026925,277213543,2.26911,0.00272563,0.00252129,0.02836145,0.00160895,30-04-2025__17h37m25s
dog-go-to-the-moon-rune,0.00277222,276898658,-1.05632,0.00296212,0.00268566,0.0099237,0.00100496,30-04-2025__17h37m25s
golem,0.27582,275649141,-0.20246,0.280461,0.269837,1.32,0.00913753,30-04-2025__17h37m25s
quorium,3280.95,275600206,-1.04842,3389.57,2914.82,14721.58,1170.65,30-04-2025__17h37m25s
stader-ethx,1916.71,267275062,-0.95113,1938.1,1885.05,4275.3,1474.49,30-04-2025__17h37m25s
mx-token,2.81,265136942,-0.71477,2.85,2.8,5.85,0.04218457,30-04-2025__17h37m25s
aethir,0.031249,264650189,3.43901,0.03189446,0.02961046,0.118536,0.02439678,30-04-2025__17h37m25s
safepal,0.528321,264195289,-1.06885,0.534734,0.524941,4.19,0.269235,30-04-2025__17h37m25s
cat-in-a-dogs-world,0.00295807,262898542,0.51003,0.0029913,0.00280242,0.01288153,0.00091206,30-04-2025__17h37m25s
theta-fuel,0.03785632,262102586,-1.87044,0.03956416,0.03738393,0.68159,0.00090804,30-04-2025__17h37m25s
kusama,15.66,257475168,-3.32922,16.39,15.47,621.71,0.876572,30-04-2025__17h37m25s
snek,0.00345429,257101931,-3.72214,0.00358784,0.00341028,0.00895508,0.00013847,30-04-2025__17h37m25s
compound-wrapped-btc,1911.6,256442405,0.01968,1916.75,1885.01,2187.46,91.15,30-04-2025__17h37m25s
blur,0.110179,254846991,-1.10435,0.111678,0.107744,5.02,0.081869,30-04-2025__17h37m25s
eigenlayer,0.95695,250794992,0.06755,0.962998,0.914097,5.65,0.668501,30-04-2025__17h37m25s
wrapped-avax,21.67,248627016,-1.84386,22.2,21.32,2000.68,7.91,30-04-2025__17h37m25s
ket,0.247618,248523316,-3.75603,0.269844,0.244103,0.530549,0.0085598,30-04-2025__17h37m25s
zilliqa,0.01276739,248089794,-1.27832,0.01307562,0.01256346,0.255376,0.00239616,30-04-2025__17h37m25s
havven,0.730414,247763790,-0.65827,0.737489,0.699403,28.53,0.0347864,30-04-2025__17h37m25s
syrupusdc,1.097,246307199,0.07679,1.097,1.096,1.097,1.07,30-04-2025__17h37m25s
mog-coin,6.17968e-07,242081412,-4.01428,6.44368e-07,5.90233e-07,4.02e-06,4.526e-09,30-04-2025__17h37m25s
coinbase-wrapped-staked-eth,1991.42,241367047,-0.79047,2007.76,1956.72,4434.57,1036.96,30-04-2025__17h37m25s
mocaverse,0.090566,241135116,-5.76865,0.096111,0.089083,0.477373,0.060926,30-04-2025__17h37m25s
